contract,bug_type,line
buggy_16.sol,TOD,39
buggy_16.sol,TOD,43
buggy_5.sol,TOD,42
buggy_5.sol,TOD,43
buggy_5.sol,TOD,45
buggy_5.sol,TOD,47
buggy_29.sol,TOD,42
buggy_29.sol,TOD,40
buggy_29.sol,TOD,40
buggy_29.sol,TOD,40
buggy_29.sol,TOD,40
buggy_29.sol,TOD,40
buggy_22.sol,TOD,42
buggy_22.sol,TOD,43
buggy_22.sol,TOD,45
buggy_22.sol,TOD,46
buggy_49.sol,TOD,12
buggy_49.sol,TOD,36
buggy_38.sol,TOD,42
buggy_38.sol,TOD,42
buggy_45.sol,TOD,78
buggy_45.sol,TOD,138
buggy_33.sol,TOD,64
buggy_33.sol,TOD,65
buggy_33.sol,TOD,70
buggy_33.sol,TOD,71
buggy_33.sol,TOD,76
buggy_33.sol,TOD,77
buggy_33.sol,TOD,82
buggy_33.sol,TOD,83
buggy_33.sol,TOD,102
buggy_33.sol,TOD,103
buggy_33.sol,TOD,108
buggy_33.sol,TOD,109
buggy_40.sol,TOD,14
buggy_41.sol,TOD,42
buggy_41.sol,TOD,43
buggy_41.sol,TOD,45
buggy_41.sol,TOD,47
buggy_41.sol,TOD,50
buggy_37.sol,TOD,42
buggy_37.sol,TOD,43
buggy_37.sol,TOD,102
buggy_37.sol,TOD,103
buggy_36.sol,TOD,19
buggy_20.sol,TOD,42
buggy_20.sol,TOD,43
buggy_20.sol,TOD,51
buggy_20.sol,TOD,53
buggy_20.sol,TOD,60
buggy_20.sol,TOD,64
buggy_20.sol,TOD,74
buggy_20.sol,TOD,78
buggy_20.sol,TOD,80
buggy_20.sol,TOD,84
buggy_21.sol,TOD,8
buggy_15.sol,TOD,25
buggy_15.sol,TOD,45
buggy_15.sol,TOD,10
buggy_6.sol,TOD,42
buggy_6.sol,TOD,43
buggy_7.sol,TOD,45
buggy_7.sol,TOD,78
buggy_7.sol,TOD,89
buggy_7.sol,TOD,102
buggy_7.sol,TOD,108
buggy_7.sol,TOD,130
buggy_7.sol,TOD,140
buggy_19.sol,TOD,42
buggy_19.sol,TOD,49
buggy_19.sol,TOD,70
buggy_19.sol,TOD,90
buggy_19.sol,TOD,104
buggy_19.sol,TOD,109
buggy_26.sol,TOD,52
buggy_13.sol,TOD,42
buggy_12.sol,TOD,25
buggy_12.sol,TOD,26
buggy_47.sol,TOD,185
buggy_47.sol,TOD,201
buggy_47.sol,TOD,476
buggy_47.sol,TOD,523
buggy_47.sol,TOD,642
buggy_47.sol,TOD,789
buggy_47.sol,TOD,863
buggy_47.sol,TOD,925
buggy_47.sol,TOD,1032
buggy_47.sol,TOD,1067
buggy_46.sol,TOD,12
buggy_31.sol,TOD,42
buggy_31.sol,TOD,43
buggy_31.sol,TOD,45
buggy_31.sol,TOD,52
buggy_31.sol,TOD,65
buggy_31.sol,TOD,72
buggy_31.sol,TOD,85
buggy_31.sol,TOD,92
buggy_31.sol,TOD,105
buggy_31.sol,TOD,123
buggy_17.sol,tx.origin,42
buggy_17.sol,tx.origin,24
buggy_17.sol,tx.origin,14
buggy_17.sol,tx.origin,10
buggy_17.sol,tx.origin,38
buggy_17.sol,tx.origin,17
buggy_17.sol,tx.origin,26
buggy_17.sol,tx.origin,19
buggy_17.sol,tx.origin,31
buggy_17.sol,tx.origin,40
buggy_16.sol,tx.origin,42
buggy_5.sol,tx.origin,34
buggy_4.sol,tx.origin,15
buggy_4.sol,tx.origin,17
buggy_4.sol,tx.origin,19
buggy_4.sol,tx.origin,21
buggy_28.sol,tx.origin,1
buggy_28.sol,tx.origin,3
buggy_23.sol,tx.origin,42
buggy_23.sol,tx.origin,43
buggy_23.sol,tx.origin,44
buggy_23.sol,tx.origin,45
buggy_23.sol,tx.origin,46
buggy_23.sol,tx.origin,47
buggy_23.sol,tx.origin,48
buggy_23.sol,tx.origin,49
buggy_23.sol,tx.origin,50
buggy_22.sol,tx.origin,46
buggy_22.sol,tx.origin,47
buggy_22.sol,tx.origin,48
buggy_22.sol,tx.origin,49
buggy_22.sol,tx.origin,50
buggy_22.sol,tx.origin,56
buggy_22.sol,tx.origin,57
buggy_22.sol,tx.origin,58
buggy_49.sol,tx.origin,1
buggy_49.sol,tx.origin,2
buggy_49.sol,tx.origin,3
buggy_49.sol,tx.origin,4
buggy_49.sol,tx.origin,5
buggy_48.sol,tx.origin,42
buggy_48.sol,tx.origin,42
buggy_48.sol,tx.origin,42
buggy_48.sol,tx.origin,42
buggy_48.sol,tx.origin,42
buggy_43.sol,tx.origin,15
buggy_42.sol,tx.origin,4
buggy_42.sol,tx.origin,25
buggy_34.sol,tx.origin,42
buggy_34.sol,tx.origin,42
buggy_39.sol,tx.origin,78
buggy_39.sol,tx.origin,96
buggy_44.sol,tx.origin,15
buggy_33.sol,tx.origin,34
buggy_10.sol,tx.origin,2
buggy_10.sol,tx.origin,4
buggy_10.sol,tx.origin,16
buggy_2.sol,tx.origin,1
buggy_2.sol,tx.origin,3
buggy_3.sol,tx.origin,2
buggy_3.sol,tx.origin,4
buggy_8.sol,tx.origin,24
buggy_8.sol,tx.origin,20
buggy_9.sol,tx.origin,102
buggy_9.sol,tx.origin,120
buggy_9.sol,tx.origin,128
buggy_9.sol,tx.origin,136
buggy_9.sol,tx.origin,150
buggy_9.sol,tx.origin,154
buggy_9.sol,tx.origin,172
buggy_41.sol,tx.origin,10
buggy_37.sol,tx.origin,42
buggy_20.sol,tx.origin,42
buggy_20.sol,tx.origin,43
buggy_20.sol,tx.origin,49
buggy_20.sol,tx.origin,50
buggy_20.sol,tx.origin,51
buggy_20.sol,tx.origin,52
buggy_20.sol,tx.origin,53
buggy_20.sol,tx.origin,54
buggy_20.sol,tx.origin,55
buggy_20.sol,tx.origin,56
buggy_20.sol,tx.origin,57
buggy_21.sol,tx.origin,43
buggy_14.sol,tx.origin,12
buggy_14.sol,tx.origin,15
buggy_14.sol,tx.origin,18
buggy_14.sol,tx.origin,20
buggy_14.sol,tx.origin,23
buggy_14.sol,tx.origin,26
buggy_14.sol,tx.origin,29
buggy_14.sol,tx.origin,32
buggy_14.sol,tx.origin,35
buggy_14.sol,tx.origin,38
buggy_6.sol,tx.origin,2
buggy_6.sol,tx.origin,3
buggy_6.sol,tx.origin,4
buggy_6.sol,tx.origin,5
buggy_7.sol,tx.origin,3
buggy_7.sol,tx.origin,4
buggy_50.sol,tx.origin,2
buggy_50.sol,tx.origin,5
buggy_19.sol,tx.origin,12
buggy_19.sol,tx.origin,35
buggy_19.sol,tx.origin,47
buggy_27.sol,tx.origin,42
buggy_27.sol,tx.origin,50
buggy_27.sol,tx.origin,68
buggy_27.sol,tx.origin,76
buggy_27.sol,tx.origin,84
buggy_27.sol,tx.origin,92
buggy_26.sol,tx.origin,12
buggy_26.sol,tx.origin,40
buggy_13.sol,tx.origin,2
buggy_13.sol,tx.origin,6
buggy_13.sol,tx.origin,10
buggy_1.sol,tx.origin,1
buggy_1.sol,tx.origin,2
buggy_1.sol,tx.origin,4
buggy_1.sol,tx.origin,6
buggy_1.sol,tx.origin,7
buggy_1.sol,tx.origin,8
buggy_1.sol,tx.origin,10
buggy_1.sol,tx.origin,13
buggy_1.sol,tx.origin,15
buggy_46.sol,tx.origin,4
buggy_46.sol,tx.origin,10
buggy_46.sol,tx.origin,28
buggy_46.sol,tx.origin,40
buggy_46.sol,tx.origin,54
buggy_46.sol,tx.origin,61
buggy_46.sol,tx.origin,68
buggy_30.sol,tx.origin,42
buggy_30.sol,tx.origin,52
buggy_30.sol,tx.origin,56
buggy_30.sol,tx.origin,78
buggy_30.sol,tx.origin,102
buggy_31.sol,tx.origin,12
buggy_31.sol,tx.origin,15
buggy_31.sol,tx.origin,20
buggy_31.sol,tx.origin,25
buggy_31.sol,tx.origin,28
buggy_31.sol,tx.origin,18
buggy_31.sol,tx.origin,30
buggy_31.sol,tx.origin,45
buggy_31.sol,tx.origin,48
buggy_31.sol,tx.origin,51
buggy_31.sol,tx.origin,54
buggy_17.sol,Timestamp-Dependency,42
buggy_17.sol,Timestamp-Dependency,27
buggy_17.sol,Timestamp-Dependency,27
buggy_17.sol,Timestamp-Dependency,27
buggy_17.sol,Timestamp-Dependency,27
buggy_17.sol,Timestamp-Dependency,27
buggy_17.sol,Timestamp-Dependency,27
buggy_17.sol,Timestamp-Dependency,27
buggy_16.sol,Timestamp-Dependency,42
buggy_16.sol,Timestamp-Dependency,102
buggy_16.sol,Timestamp-Dependency,126
buggy_16.sol,Timestamp-Dependency,154
buggy_16.sol,Timestamp-Dependency,208
buggy_5.sol,Timestamp-Dependency,42
buggy_5.sol,Timestamp-Dependency,79
buggy_5.sol,Timestamp-Dependency,89
buggy_5.sol,Timestamp-Dependency,127
buggy_5.sol,Timestamp-Dependency,137
buggy_23.sol,Timestamp-Dependency,42
buggy_23.sol,Timestamp-Dependency,43
buggy_23.sol,Timestamp-Dependency,36
buggy_23.sol,Timestamp-Dependency,25
buggy_23.sol,Timestamp-Dependency,32
buggy_22.sol,Timestamp-Dependency,25
buggy_49.sol,Timestamp-Dependency,12
buggy_49.sol,Timestamp-Dependency,20
buggy_49.sol,Timestamp-Dependency,48
buggy_49.sol,Timestamp-Dependency,68
buggy_48.sol,Timestamp-Dependency,12
buggy_48.sol,Timestamp-Dependency,13
buggy_48.sol,Timestamp-Dependency,14
buggy_48.sol,Timestamp-Dependency,15
buggy_48.sol,Timestamp-Dependency,28
buggy_48.sol,Timestamp-Dependency,29
buggy_48.sol,Timestamp-Dependency,30
buggy_48.sol,Timestamp-Dependency,31
buggy_48.sol,Timestamp-Dependency,32
buggy_48.sol,Timestamp-Dependency,33
buggy_48.sol,Timestamp-Dependency,34
buggy_48.sol,Timestamp-Dependency,35
buggy_48.sol,Timestamp-Dependency,36
buggy_48.sol,Timestamp-Dependency,37
buggy_48.sol,Timestamp-Dependency,40
buggy_48.sol,Timestamp-Dependency,41
buggy_48.sol,Timestamp-Dependency,42
buggy_48.sol,Timestamp-Dependency,43
buggy_48.sol,Timestamp-Dependency,44
buggy_43.sol,Timestamp-Dependency,42
buggy_43.sol,Timestamp-Dependency,42
buggy_43.sol,Timestamp-Dependency,42
buggy_43.sol,Timestamp-Dependency,42
buggy_43.sol,Timestamp-Dependency,42
buggy_42.sol,Timestamp-Dependency,27
buggy_42.sol,Timestamp-Dependency,30
buggy_42.sol,Timestamp-Dependency,154
buggy_35.sol,Timestamp-Dependency,42
buggy_35.sol,Timestamp-Dependency,42
buggy_35.sol,Timestamp-Dependency,42
buggy_38.sol,Timestamp-Dependency,42
buggy_38.sol,Timestamp-Dependency,8
buggy_38.sol,Timestamp-Dependency,36
buggy_44.sol,Timestamp-Dependency,2
buggy_33.sol,Timestamp-Dependency,42
buggy_33.sol,Timestamp-Dependency,1546300800
buggy_33.sol,Timestamp-Dependency,27
buggy_10.sol,Timestamp-Dependency,42
buggy_10.sol,Timestamp-Dependency,68
buggy_11.sol,Timestamp-Dependency,12
buggy_11.sol,Timestamp-Dependency,24
buggy_11.sol,Timestamp-Dependency,72
buggy_3.sol,Timestamp-Dependency,50
buggy_8.sol,Timestamp-Dependency,42
buggy_8.sol,Timestamp-Dependency,2
buggy_9.sol,Timestamp-Dependency,42
buggy_9.sol,Timestamp-Dependency,76
buggy_40.sol,Timestamp-Dependency,42
buggy_40.sol,Timestamp-Dependency,8
buggy_40.sol,Timestamp-Dependency,26
buggy_40.sol,Timestamp-Dependency,39
buggy_40.sol,Timestamp-Dependency,40
buggy_41.sol,Timestamp-Dependency,12
buggy_41.sol,Timestamp-Dependency,37
buggy_41.sol,Timestamp-Dependency,60
buggy_37.sol,Timestamp-Dependency,42
buggy_37.sol,Timestamp-Dependency,9
buggy_37.sol,Timestamp-Dependency,25
buggy_37.sol,Timestamp-Dependency,8
buggy_14.sol,Timestamp-Dependency,42
buggy_14.sol,Timestamp-Dependency,43
buggy_14.sol,Timestamp-Dependency,44
buggy_14.sol,Timestamp-Dependency,45
buggy_6.sol,Timestamp-Dependency,39
buggy_7.sol,Timestamp-Dependency,42
buggy_50.sol,Timestamp-Dependency,42
buggy_50.sol,Timestamp-Dependency,32
buggy_50.sol,Timestamp-Dependency,36
buggy_50.sol,Timestamp-Dependency,43
buggy_50.sol,Timestamp-Dependency,47
buggy_50.sol,Timestamp-Dependency,72
buggy_50.sol,Timestamp-Dependency,76
buggy_50.sol,Timestamp-Dependency,84
buggy_50.sol,Timestamp-Dependency,104
buggy_50.sol,Timestamp-Dependency,108
buggy_19.sol,Timestamp-Dependency,42
buggy_19.sol,Timestamp-Dependency,42
buggy_19.sol,Timestamp-Dependency,42
buggy_19.sol,Timestamp-Dependency,42
buggy_19.sol,Timestamp-Dependency,42
buggy_27.sol,Timestamp-Dependency,1
buggy_27.sol,Timestamp-Dependency,2
buggy_27.sol,Timestamp-Dependency,3
buggy_27.sol,Timestamp-Dependency,4
buggy_27.sol,Timestamp-Dependency,5
buggy_12.sol,Timestamp-Dependency,42
buggy_12.sol,Timestamp-Dependency,43
buggy_12.sol,Timestamp-Dependency,44
buggy_12.sol,Timestamp-Dependency,45
buggy_12.sol,Timestamp-Dependency,46
buggy_12.sol,Timestamp-Dependency,47
buggy_12.sol,Timestamp-Dependency,48
buggy_12.sol,Timestamp-Dependency,49
buggy_12.sol,Timestamp-Dependency,50
buggy_12.sol,Timestamp-Dependency,51
buggy_12.sol,Timestamp-Dependency,52
buggy_12.sol,Timestamp-Dependency,53
buggy_12.sol,Timestamp-Dependency,54
buggy_12.sol,Timestamp-Dependency,55
buggy_12.sol,Timestamp-Dependency,56
buggy_12.sol,Timestamp-Dependency,57
buggy_12.sol,Timestamp-Dependency,58
buggy_12.sol,Timestamp-Dependency,59
buggy_12.sol,Timestamp-Dependency,60
buggy_12.sol,Timestamp-Dependency,61
buggy_12.sol,Timestamp-Dependency,62
buggy_12.sol,Timestamp-Dependency,63
buggy_12.sol,Timestamp-Dependency,64
buggy_12.sol,Timestamp-Dependency,65
buggy_12.sol,Timestamp-Dependency,66
buggy_12.sol,Timestamp-Dependency,67
buggy_12.sol,Timestamp-Dependency,68
buggy_12.sol,Timestamp-Dependency,69
buggy_12.sol,Timestamp-Dependency,70
buggy_12.sol,Timestamp-Dependency,71
buggy_12.sol,Timestamp-Dependency,72
buggy_12.sol,Timestamp-Dependency,73
buggy_12.sol,Timestamp-Dependency,74
buggy_12.sol,Timestamp-Dependency,75
buggy_12.sol,Timestamp-Dependency,76
buggy_12.sol,Timestamp-Dependency,77
buggy_12.sol,Timestamp-Dependency,78
buggy_12.sol,Timestamp-Dependency,79
buggy_12.sol,Timestamp-Dependency,80
buggy_12.sol,Timestamp-Dependency,81
buggy_12.sol,Timestamp-Dependency,82
buggy_12.sol,Timestamp-Dependency,83
buggy_47.sol,Timestamp-Dependency,10
buggy_47.sol,Timestamp-Dependency,34
buggy_47.sol,Timestamp-Dependency,10
buggy_47.sol,Timestamp-Dependency,34
buggy_46.sol,Timestamp-Dependency,42
buggy_46.sol,Timestamp-Dependency,54
buggy_30.sol,Timestamp-Dependency,42
buggy_30.sol,Timestamp-Dependency,43
buggy_30.sol,Timestamp-Dependency,44
buggy_30.sol,Timestamp-Dependency,45
buggy_30.sol,Timestamp-Dependency,46
buggy_30.sol,Timestamp-Dependency,47
buggy_30.sol,Timestamp-Dependency,48
buggy_30.sol,Timestamp-Dependency,49
buggy_30.sol,Timestamp-Dependency,50
buggy_30.sol,Timestamp-Dependency,51
buggy_17.sol,Re-entrancy,12
buggy_17.sol,Re-entrancy,15
buggy_17.sol,Re-entrancy,24
buggy_16.sol,Re-entrancy,1
buggy_16.sol,Re-entrancy,2
buggy_16.sol,Re-entrancy,3
buggy_16.sol,Re-entrancy,4
buggy_16.sol,Re-entrancy,5
buggy_16.sol,Re-entrancy,6
buggy_16.sol,Re-entrancy,7
buggy_16.sol,Re-entrancy,8
buggy_16.sol,Re-entrancy,9
buggy_16.sol,Re-entrancy,10
buggy_5.sol,Re-entrancy,12
buggy_5.sol,Re-entrancy,56
buggy_5.sol,Re-entrancy,100
buggy_4.sol,Re-entrancy,20
buggy_4.sol,Re-entrancy,26
buggy_28.sol,Re-entrancy,15
buggy_28.sol,Re-entrancy,25
buggy_28.sol,Re-entrancy,10
buggy_22.sol,Re-entrancy,42
buggy_22.sol,Re-entrancy,89
buggy_22.sol,Re-entrancy,89
buggy_22.sol,Re-entrancy,89
buggy_22.sol,Re-entrancy,89
buggy_22.sol,Re-entrancy,89
buggy_22.sol,Re-entrancy,89
buggy_22.sol,Re-entrancy,89
buggy_49.sol,Re-entrancy,1
buggy_49.sol,Re-entrancy,2
buggy_49.sol,Re-entrancy,4
buggy_49.sol,Re-entrancy,5
buggy_48.sol,Re-entrancy,42
buggy_48.sol,Re-entrancy,10
buggy_48.sol,Re-entrancy,10
buggy_48.sol,Re-entrancy,20
buggy_48.sol,Re-entrancy,20
buggy_48.sol,Re-entrancy,20
buggy_48.sol,Re-entrancy,20
buggy_48.sol,Re-entrancy,20
buggy_48.sol,Re-entrancy,20
buggy_42.sol,Re-entrancy,12
buggy_42.sol,Re-entrancy,35
buggy_42.sol,Re-entrancy,45
buggy_42.sol,Re-entrancy,50
buggy_42.sol,Re-entrancy,64
buggy_34.sol,Re-entrancy,42
buggy_39.sol,Re-entrancy,15
buggy_38.sol,Re-entrancy,10
buggy_38.sol,Re-entrancy,20
buggy_38.sol,Re-entrancy,30
buggy_38.sol,Re-entrancy,40
buggy_38.sol,Re-entrancy,50
buggy_44.sol,Re-entrancy,1
buggy_44.sol,Re-entrancy,2
buggy_45.sol,Re-entrancy,12
buggy_45.sol,Re-entrancy,30
buggy_45.sol,Re-entrancy,36
buggy_45.sol,Re-entrancy,40
buggy_45.sol,Re-entrancy,50
buggy_45.sol,Re-entrancy,58
buggy_45.sol,Re-entrancy,60
buggy_45.sol,Re-entrancy,68
buggy_45.sol,Re-entrancy,70
buggy_33.sol,Re-entrancy,1
buggy_33.sol,Re-entrancy,2
buggy_33.sol,Re-entrancy,3
buggy_33.sol,Re-entrancy,4
buggy_33.sol,Re-entrancy,5
buggy_32.sol,Re-entrancy,42
buggy_10.sol,Re-entrancy,12
buggy_10.sol,Re-entrancy,13
buggy_11.sol,Re-entrancy,15
buggy_11.sol,Re-entrancy,24
buggy_2.sol,Re-entrancy,5
buggy_2.sol,Re-entrancy,31
buggy_3.sol,Re-entrancy,12
buggy_3.sol,Re-entrancy,13
buggy_3.sol,Re-entrancy,20
buggy_3.sol,Re-entrancy,30
buggy_3.sol,Re-entrancy,40
buggy_3.sol,Re-entrancy,50
buggy_25.sol,Re-entrancy,10
buggy_25.sol,Re-entrancy,20
buggy_25.sol,Re-entrancy,25
buggy_40.sol,Re-entrancy,12
buggy_40.sol,Re-entrancy,13
buggy_21.sol,Re-entrancy,1
buggy_21.sol,Re-entrancy,2
buggy_14.sol,Re-entrancy,42
buggy_14.sol,Re-entrancy,43
buggy_14.sol,Re-entrancy,44
buggy_14.sol,Re-entrancy,45
buggy_7.sol,Re-entrancy,12
buggy_7.sol,Re-entrancy,20
buggy_7.sol,Re-entrancy,32
buggy_7.sol,Re-entrancy,48
buggy_50.sol,Re-entrancy,1
buggy_50.sol,Re-entrancy,2
buggy_50.sol,Re-entrancy,3
buggy_50.sol,Re-entrancy,4
buggy_50.sol,Re-entrancy,5
buggy_19.sol,Re-entrancy,12
buggy_19.sol,Re-entrancy,13
buggy_19.sol,Re-entrancy,14
buggy_19.sol,Re-entrancy,15
buggy_19.sol,Re-entrancy,16
buggy_19.sol,Re-entrancy,17
buggy_19.sol,Re-entrancy,18
buggy_19.sol,Re-entrancy,19
buggy_18.sol,Re-entrancy,456
buggy_18.sol,Re-entrancy,789
buggy_27.sol,Re-entrancy,1
buggy_26.sol,Re-entrancy,1
buggy_13.sol,Re-entrancy,1
buggy_13.sol,Re-entrancy,4
buggy_13.sol,Re-entrancy,25
buggy_1.sol,Re-entrancy,25
buggy_47.sol,Re-entrancy,38
buggy_46.sol,Re-entrancy,25
buggy_46.sol,Re-entrancy,68
buggy_31.sol,Re-entrancy,12
buggy_31.sol,Re-entrancy,24
buggy_17.sol,Overflow-Underflow,42
buggy_17.sol,Overflow-Underflow,43
buggy_17.sol,Overflow-Underflow,44
buggy_17.sol,Overflow-Underflow,45
buggy_17.sol,Overflow-Underflow,46
buggy_16.sol,Overflow-Underflow,42
buggy_16.sol,Overflow-Underflow,5
buggy_16.sol,Overflow-Underflow,42
buggy_16.sol,Overflow-Underflow,5
buggy_5.sol,Overflow-Underflow,42
buggy_5.sol,Overflow-Underflow,43
buggy_5.sol,Overflow-Underflow,42
buggy_5.sol,Overflow-Underflow,42
buggy_5.sol,Overflow-Underflow,42
buggy_4.sol,Overflow-Underflow,52
buggy_4.sol,Overflow-Underflow,54
buggy_29.sol,Overflow-Underflow,42
buggy_29.sol,Overflow-Underflow,43
buggy_29.sol,Overflow-Underflow,44
buggy_29.sol,Overflow-Underflow,45
buggy_29.sol,Overflow-Underflow,46
buggy_29.sol,Overflow-Underflow,47
buggy_29.sol,Overflow-Underflow,48
buggy_29.sol,Overflow-Underflow,49
buggy_28.sol,Overflow-Underflow,42
buggy_28.sol,Overflow-Underflow,43
buggy_28.sol,Overflow-Underflow,102
buggy_28.sol,Overflow-Underflow,103
buggy_28.sol,Overflow-Underflow,124
buggy_28.sol,Overflow-Underflow,142
buggy_28.sol,Overflow-Underflow,172
buggy_28.sol,Overflow-Underflow,180
buggy_28.sol,Overflow-Underflow,215
buggy_28.sol,Overflow-Underflow,225
buggy_22.sol,Overflow-Underflow,42
buggy_22.sol,Overflow-Underflow,56
buggy_22.sol,Overflow-Underflow,58
buggy_22.sol,Overflow-Underflow,64
buggy_22.sol,Overflow-Underflow,66
buggy_22.sol,Overflow-Underflow,68
buggy_22.sol,Overflow-Underflow,70
buggy_49.sol,Overflow-Underflow,12
buggy_49.sol,Overflow-Underflow,13
buggy_48.sol,Overflow-Underflow,42
buggy_48.sol,Overflow-Underflow,90
buggy_48.sol,Overflow-Underflow,142
buggy_48.sol,Overflow-Underflow,176
buggy_48.sol,Overflow-Underflow,210
buggy_48.sol,Overflow-Underflow,236
buggy_48.sol,Overflow-Underflow,256
buggy_48.sol,Overflow-Underflow,276
buggy_48.sol,Overflow-Underflow,296
buggy_48.sol,Overflow-Underflow,316
buggy_34.sol,Overflow-Underflow,45
buggy_34.sol,Overflow-Underflow,47
buggy_34.sol,Overflow-Underflow,50
buggy_34.sol,Overflow-Underflow,52
buggy_34.sol,Overflow-Underflow,55
buggy_34.sol,Overflow-Underflow,57
buggy_34.sol,Overflow-Underflow,60
buggy_35.sol,Overflow-Underflow,42
buggy_35.sol,Overflow-Underflow,43
buggy_35.sol,Overflow-Underflow,45
buggy_35.sol,Overflow-Underflow,47
buggy_35.sol,Overflow-Underflow,49
buggy_35.sol,Overflow-Underflow,52
buggy_35.sol,Overflow-Underflow,54
buggy_35.sol,Overflow-Underflow,56
buggy_35.sol,Overflow-Underflow,59
buggy_35.sol,Overflow-Underflow,62
buggy_35.sol,Overflow-Underflow,65
buggy_35.sol,Overflow-Underflow,67
buggy_35.sol,Overflow-Underflow,70
buggy_35.sol,Overflow-Underflow,72
buggy_35.sol,Overflow-Underflow,75
buggy_35.sol,Overflow-Underflow,78
buggy_35.sol,Overflow-Underflow,82
buggy_35.sol,Overflow-Underflow,84
buggy_35.sol,Overflow-Underflow,87
buggy_35.sol,Overflow-Underflow,92
buggy_35.sol,Overflow-Underflow,96
buggy_35.sol,Overflow-Underflow,99
buggy_39.sol,Overflow-Underflow,1
buggy_39.sol,Overflow-Underflow,2
buggy_39.sol,Overflow-Underflow,3
buggy_39.sol,Overflow-Underflow,4
buggy_39.sol,Overflow-Underflow,5
buggy_38.sol,Overflow-Underflow,42
buggy_38.sol,Overflow-Underflow,43
buggy_38.sol,Overflow-Underflow,44
buggy_38.sol,Overflow-Underflow,45
buggy_38.sol,Overflow-Underflow,46
buggy_38.sol,Overflow-Underflow,47
buggy_38.sol,Overflow-Underflow,48
buggy_38.sol,Overflow-Underflow,49
buggy_44.sol,Overflow-Underflow,5
buggy_44.sol,Overflow-Underflow,7
buggy_44.sol,Overflow-Underflow,7
buggy_44.sol,Overflow-Underflow,24
buggy_44.sol,Overflow-Underflow,24
buggy_45.sol,Overflow-Underflow,43
buggy_45.sol,Overflow-Underflow,36
buggy_45.sol,Overflow-Underflow,54
buggy_45.sol,Overflow-Underflow,62
buggy_45.sol,Overflow-Underflow,72
buggy_45.sol,Overflow-Underflow,92
buggy_45.sol,Overflow-Underflow,97
buggy_45.sol,Overflow-Underflow,104
buggy_45.sol,Overflow-Underflow,142
buggy_45.sol,Overflow-Underflow,172
buggy_33.sol,Overflow-Underflow,12
buggy_33.sol,Overflow-Underflow,13
buggy_33.sol,Overflow-Underflow,20
buggy_33.sol,Overflow-Underflow,25
buggy_32.sol,Overflow-Underflow,42
buggy_32.sol,Overflow-Underflow,43
buggy_32.sol,Overflow-Underflow,44
buggy_32.sol,Overflow-Underflow,45
buggy_32.sol,Overflow-Underflow,46
buggy_32.sol,Overflow-Underflow,67
buggy_32.sol,Overflow-Underflow,68
buggy_32.sol,Overflow-Underflow,69
buggy_32.sol,Overflow-Underflow,70
buggy_10.sol,Overflow-Underflow,5
buggy_10.sol,Overflow-Underflow,20
buggy_10.sol,Overflow-Underflow,34
buggy_11.sol,Overflow-Underflow,92
buggy_2.sol,Overflow-Underflow,25
buggy_2.sol,Overflow-Underflow,37
buggy_2.sol,Overflow-Underflow,50
buggy_3.sol,Overflow-Underflow,25
buggy_8.sol,Overflow-Underflow,42
buggy_8.sol,Overflow-Underflow,52
buggy_9.sol,Overflow-Underflow,42
buggy_9.sol,Overflow-Underflow,43
buggy_9.sol,Overflow-Underflow,45
buggy_9.sol,Overflow-Underflow,50
buggy_9.sol,Overflow-Underflow,52
buggy_25.sol,Overflow-Underflow,18
buggy_25.sol,Overflow-Underflow,24
buggy_25.sol,Overflow-Underflow,29
buggy_25.sol,Overflow-Underflow,34
buggy_25.sol,Overflow-Underflow,39
buggy_25.sol,Overflow-Underflow,47
buggy_25.sol,Overflow-Underflow,49
buggy_25.sol,Overflow-Underflow,50
buggy_25.sol,Overflow-Underflow,51
buggy_25.sol,Overflow-Underflow,4
buggy_25.sol,Overflow-Underflow,9
buggy_25.sol,Overflow-Underflow,19
buggy_25.sol,Overflow-Underflow,24
buggy_25.sol,Overflow-Underflow,29
buggy_25.sol,Overflow-Underflow,34
buggy_25.sol,Overflow-Underflow,39
buggy_40.sol,Overflow-Underflow,42
buggy_40.sol,Overflow-Underflow,19
buggy_40.sol,Overflow-Underflow,24
buggy_40.sol,Overflow-Underflow,57
buggy_40.sol,Overflow-Underflow,64
buggy_40.sol,Overflow-Underflow,72
buggy_41.sol,Overflow-Underflow,12
buggy_41.sol,Overflow-Underflow,30
buggy_41.sol,Overflow-Underflow,76
buggy_41.sol,Overflow-Underflow,92
buggy_37.sol,Overflow-Underflow,42
buggy_37.sol,Overflow-Underflow,58
buggy_37.sol,Overflow-Underflow,72
buggy_37.sol,Overflow-Underflow,90
buggy_36.sol,Overflow-Underflow,42
buggy_36.sol,Overflow-Underflow,42
buggy_36.sol,Overflow-Underflow,42
buggy_21.sol,Overflow-Underflow,42
buggy_21.sol,Overflow-Underflow,43
buggy_21.sol,Overflow-Underflow,58
buggy_21.sol,Overflow-Underflow,70
buggy_21.sol,Overflow-Underflow,88
buggy_21.sol,Overflow-Underflow,100
buggy_21.sol,Overflow-Underflow,112
buggy_21.sol,Overflow-Underflow,118
buggy_21.sol,Overflow-Underflow,124
buggy_21.sol,Overflow-Underflow,130
buggy_21.sol,Overflow-Underflow,136
buggy_21.sol,Overflow-Underflow,154
buggy_21.sol,Overflow-Underflow,172
buggy_21.sol,Overflow-Underflow,184
buggy_14.sol,Overflow-Underflow,42
buggy_14.sol,Overflow-Underflow,24
buggy_14.sol,Overflow-Underflow,34
buggy_14.sol,Overflow-Underflow,52
buggy_14.sol,Overflow-Underflow,62
buggy_14.sol,Overflow-Underflow,182
buggy_14.sol,Overflow-Underflow,192
buggy_15.sol,Overflow-Underflow,75
buggy_15.sol,Overflow-Underflow,84
buggy_6.sol,Overflow-Underflow,12
buggy_6.sol,Overflow-Underflow,23
buggy_6.sol,Overflow-Underflow,56
buggy_6.sol,Overflow-Underflow,78
buggy_50.sol,Overflow-Underflow,35
buggy_50.sol,Overflow-Underflow,48
buggy_19.sol,Overflow-Underflow,42
buggy_19.sol,Overflow-Underflow,43
buggy_19.sol,Overflow-Underflow,44
buggy_19.sol,Overflow-Underflow,45
buggy_19.sol,Overflow-Underflow,46
buggy_19.sol,Overflow-Underflow,47
buggy_19.sol,Overflow-Underflow,48
buggy_19.sol,Overflow-Underflow,49
buggy_19.sol,Overflow-Underflow,50
buggy_27.sol,Overflow-Underflow,42
buggy_27.sol,Overflow-Underflow,59
buggy_27.sol,Overflow-Underflow,67
buggy_27.sol,Overflow-Underflow,92
buggy_27.sol,Overflow-Underflow,100
buggy_27.sol,Overflow-Underflow,167
buggy_27.sol,Overflow-Underflow,42
buggy_27.sol,Overflow-Underflow,59
buggy_27.sol,Overflow-Underflow,67
buggy_27.sol,Overflow-Underflow,92
buggy_27.sol,Overflow-Underflow,100
buggy_26.sol,Overflow-Underflow,12
buggy_26.sol,Overflow-Underflow,34
buggy_26.sol,Overflow-Underflow,56
buggy_13.sol,Overflow-Underflow,5
buggy_13.sol,Overflow-Underflow,6
buggy_13.sol,Overflow-Underflow,7
buggy_13.sol,Overflow-Underflow,8
buggy_13.sol,Overflow-Underflow,26
buggy_13.sol,Overflow-Underflow,27
buggy_13.sol,Overflow-Underflow,28
buggy_12.sol,Overflow-Underflow,42
buggy_1.sol,Overflow-Underflow,5
buggy_1.sol,Overflow-Underflow,6
buggy_1.sol,Overflow-Underflow,7
buggy_1.sol,Overflow-Underflow,10
buggy_1.sol,Overflow-Underflow,17
buggy_1.sol,Overflow-Underflow,28
buggy_47.sol,Overflow-Underflow,45
buggy_47.sol,Overflow-Underflow,46
buggy_47.sol,Overflow-Underflow,47
buggy_47.sol,Overflow-Underflow,48
buggy_47.sol,Overflow-Underflow,49
buggy_47.sol,Overflow-Underflow,50
buggy_47.sol,Overflow-Underflow,56
buggy_47.sol,Overflow-Underflow,57
buggy_47.sol,Overflow-Underflow,58
buggy_47.sol,Overflow-Underflow,59
buggy_47.sol,Overflow-Underflow,60
buggy_46.sol,Overflow-Underflow,5
buggy_46.sol,Overflow-Underflow,7
buggy_31.sol,Overflow-Underflow,12
buggy_31.sol,Overflow-Underflow,24
buggy_31.sol,Overflow-Underflow,36
buggy_31.sol,Overflow-Underflow,42
buggy_31.sol,Overflow-Underflow,54
buggy_31.sol,Overflow-Underflow,62
buggy_31.sol,Overflow-Underflow,74
buggy_31.sol,Overflow-Underflow,86
buggy_31.sol,Overflow-Underflow,98
buggy_17.sol,Unhandled-Exceptions,10
buggy_17.sol,Unhandled-Exceptions,15
buggy_17.sol,Unhandled-Exceptions,25
buggy_17.sol,Unhandled-Exceptions,60
buggy_17.sol,Unhandled-Exceptions,75
buggy_17.sol,Unhandled-Exceptions,80
buggy_17.sol,Unhandled-Exceptions,85
buggy_5.sol,Unhandled-Exceptions,42
buggy_5.sol,Unhandled-Exceptions,43
buggy_5.sol,Unhandled-Exceptions,62
buggy_4.sol,Unhandled-Exceptions,1
buggy_4.sol,Unhandled-Exceptions,25
buggy_4.sol,Unhandled-Exceptions,42
buggy_4.sol,Unhandled-Exceptions,78
buggy_29.sol,Unhandled-Exceptions,20
buggy_28.sol,Unhandled-Exceptions,42
buggy_28.sol,Unhandled-Exceptions,235
buggy_28.sol,Unhandled-Exceptions,273
buggy_23.sol,Unhandled-Exceptions,42
buggy_23.sol,Unhandled-Exceptions,42
buggy_23.sol,Unhandled-Exceptions,15
buggy_23.sol,Unhandled-Exceptions,15
buggy_23.sol,Unhandled-Exceptions,15
buggy_23.sol,Unhandled-Exceptions,15
buggy_23.sol,Unhandled-Exceptions,15
buggy_23.sol,Unhandled-Exceptions,15
buggy_23.sol,Unhandled-Exceptions,15
buggy_23.sol,Unhandled-Exceptions,15
buggy_22.sol,Unhandled-Exceptions,25
buggy_22.sol,Unhandled-Exceptions,35
buggy_22.sol,Unhandled-Exceptions,52
buggy_22.sol,Unhandled-Exceptions,25
buggy_22.sol,Unhandled-Exceptions,25
buggy_22.sol,Unhandled-Exceptions,25
buggy_22.sol,Unhandled-Exceptions,25
buggy_22.sol,Unhandled-Exceptions,25
buggy_22.sol,Unhandled-Exceptions,25
buggy_49.sol,Unhandled-Exceptions,40
buggy_43.sol,Unhandled-Exceptions,42
buggy_43.sol,Unhandled-Exceptions,13
buggy_43.sol,Unhandled-Exceptions,30
buggy_42.sol,Unhandled-Exceptions,15
buggy_35.sol,Unhandled-Exceptions,42
buggy_35.sol,Unhandled-Exceptions,19
buggy_35.sol,Unhandled-Exceptions,10
buggy_35.sol,Unhandled-Exceptions,10
buggy_35.sol,Unhandled-Exceptions,10
buggy_35.sol,Unhandled-Exceptions,10
buggy_35.sol,Unhandled-Exceptions,20
buggy_35.sol,Unhandled-Exceptions,20
buggy_35.sol,Unhandled-Exceptions,20
buggy_39.sol,Unhandled-Exceptions,15
buggy_45.sol,Unhandled-Exceptions,28
buggy_45.sol,Unhandled-Exceptions,65
buggy_45.sol,Unhandled-Exceptions,97
buggy_45.sol,Unhandled-Exceptions,123
buggy_45.sol,Unhandled-Exceptions,145
buggy_45.sol,Unhandled-Exceptions,203
buggy_45.sol,Unhandled-Exceptions,213
buggy_33.sol,Unhandled-Exceptions,1
buggy_33.sol,Unhandled-Exceptions,3
buggy_33.sol,Unhandled-Exceptions,4
buggy_33.sol,Unhandled-Exceptions,25
buggy_33.sol,Unhandled-Exceptions,38
buggy_33.sol,Unhandled-Exceptions,40
buggy_32.sol,Unhandled-Exceptions,10
buggy_32.sol,Unhandled-Exceptions,25
buggy_32.sol,Unhandled-Exceptions,17
buggy_32.sol,Unhandled-Exceptions,35
buggy_32.sol,Unhandled-Exceptions,60
buggy_10.sol,Unhandled-Exceptions,16
buggy_10.sol,Unhandled-Exceptions,20
buggy_10.sol,Unhandled-Exceptions,23
buggy_10.sol,Unhandled-Exceptions,31
buggy_11.sol,Unhandled-Exceptions,1
buggy_11.sol,Unhandled-Exceptions,2
buggy_2.sol,Unhandled-Exceptions,18
buggy_2.sol,Unhandled-Exceptions,42
buggy_2.sol,Unhandled-Exceptions,40
buggy_3.sol,Unhandled-Exceptions,1
buggy_3.sol,Unhandled-Exceptions,2
buggy_3.sol,Unhandled-Exceptions,3
buggy_8.sol,Unhandled-Exceptions,42
buggy_8.sol,Unhandled-Exceptions,42
buggy_8.sol,Unhandled-Exceptions,26
buggy_8.sol,Unhandled-Exceptions,39
buggy_8.sol,Unhandled-Exceptions,40
buggy_9.sol,Unhandled-Exceptions,42
buggy_9.sol,Unhandled-Exceptions,10
buggy_9.sol,Unhandled-Exceptions,42
buggy_9.sol,Unhandled-Exceptions,30
buggy_9.sol,Unhandled-Exceptions,42
buggy_25.sol,Unhandled-Exceptions,24
buggy_25.sol,Unhandled-Exceptions,23
buggy_25.sol,Unhandled-Exceptions,10
buggy_40.sol,Unhandled-Exceptions,42
buggy_40.sol,Unhandled-Exceptions,5
buggy_40.sol,Unhandled-Exceptions,10
buggy_40.sol,Unhandled-Exceptions,5
buggy_41.sol,Unhandled-Exceptions,28
buggy_37.sol,Unhandled-Exceptions,10
buggy_37.sol,Unhandled-Exceptions,25
buggy_37.sol,Unhandled-Exceptions,40
buggy_37.sol,Unhandled-Exceptions,15
buggy_37.sol,Unhandled-Exceptions,20
buggy_37.sol,Unhandled-Exceptions,7
buggy_21.sol,Unhandled-Exceptions,42
buggy_21.sol,Unhandled-Exceptions,17
buggy_21.sol,Unhandled-Exceptions,39
buggy_21.sol,Unhandled-Exceptions,62
buggy_14.sol,Unhandled-Exceptions,15
buggy_14.sol,Unhandled-Exceptions,62
buggy_14.sol,Unhandled-Exceptions,75
buggy_15.sol,Unhandled-Exceptions,6
buggy_15.sol,Unhandled-Exceptions,50
buggy_15.sol,Unhandled-Exceptions,82
buggy_15.sol,Unhandled-Exceptions,102
buggy_6.sol,Unhandled-Exceptions,1
buggy_6.sol,Unhandled-Exceptions,28
buggy_6.sol,Unhandled-Exceptions,67
buggy_7.sol,Unhandled-Exceptions,42
buggy_7.sol,Unhandled-Exceptions,3
buggy_7.sol,Unhandled-Exceptions,42
buggy_50.sol,Unhandled-Exceptions,1
buggy_50.sol,Unhandled-Exceptions,7
buggy_50.sol,Unhandled-Exceptions,31
buggy_19.sol,Unhandled-Exceptions,12
buggy_19.sol,Unhandled-Exceptions,17
buggy_19.sol,Unhandled-Exceptions,23
buggy_19.sol,Unhandled-Exceptions,30
buggy_19.sol,Unhandled-Exceptions,35
buggy_19.sol,Unhandled-Exceptions,50
buggy_19.sol,Unhandled-Exceptions,80
buggy_18.sol,Unhandled-Exceptions,42
buggy_18.sol,Unhandled-Exceptions,8
buggy_18.sol,Unhandled-Exceptions,20
buggy_18.sol,Unhandled-Exceptions,25
buggy_18.sol,Unhandled-Exceptions,34
buggy_18.sol,Unhandled-Exceptions,45
buggy_18.sol,Unhandled-Exceptions,54
buggy_18.sol,Unhandled-Exceptions,75
buggy_18.sol,Unhandled-Exceptions,100
buggy_18.sol,Unhandled-Exceptions,105
buggy_18.sol,Unhandled-Exceptions,110
buggy_27.sol,Unhandled-Exceptions,42
buggy_27.sol,Unhandled-Exceptions,95
buggy_27.sol,Unhandled-Exceptions,42
buggy_27.sol,Unhandled-Exceptions,105
buggy_27.sol,Unhandled-Exceptions,140
buggy_27.sol,Unhandled-Exceptions,174
buggy_27.sol,Unhandled-Exceptions,72
buggy_27.sol,Unhandled-Exceptions,80
buggy_27.sol,Unhandled-Exceptions,96
buggy_26.sol,Unhandled-Exceptions,1
buggy_26.sol,Unhandled-Exceptions,4
buggy_26.sol,Unhandled-Exceptions,23
buggy_26.sol,Unhandled-Exceptions,14
buggy_26.sol,Unhandled-Exceptions,30
buggy_26.sol,Unhandled-Exceptions,19
buggy_26.sol,Unhandled-Exceptions,27
buggy_26.sol,Unhandled-Exceptions,18
buggy_26.sol,Unhandled-Exceptions,3
buggy_13.sol,Unhandled-Exceptions,5
buggy_13.sol,Unhandled-Exceptions,8
buggy_13.sol,Unhandled-Exceptions,39
buggy_12.sol,Unhandled-Exceptions,42
buggy_12.sol,Unhandled-Exceptions,178
buggy_12.sol,Unhandled-Exceptions,198
buggy_12.sol,Unhandled-Exceptions,178
buggy_12.sol,Unhandled-Exceptions,178
buggy_12.sol,Unhandled-Exceptions,198
buggy_12.sol,Unhandled-Exceptions,67
buggy_1.sol,Unhandled-Exceptions,1
buggy_1.sol,Unhandled-Exceptions,2
buggy_1.sol,Unhandled-Exceptions,8
buggy_1.sol,Unhandled-Exceptions,15
buggy_1.sol,Unhandled-Exceptions,40
buggy_1.sol,Unhandled-Exceptions,52
buggy_47.sol,Unhandled-Exceptions,42
buggy_47.sol,Unhandled-Exceptions,10
buggy_47.sol,Unhandled-Exceptions,10
buggy_47.sol,Unhandled-Exceptions,10
buggy_47.sol,Unhandled-Exceptions,10
buggy_47.sol,Unhandled-Exceptions,2
buggy_46.sol,Unhandled-Exceptions,15
buggy_46.sol,Unhandled-Exceptions,30
buggy_46.sol,Unhandled-Exceptions,45
buggy_30.sol,Unhandled-Exceptions,42
buggy_30.sol,Unhandled-Exceptions,10
buggy_30.sol,Unhandled-Exceptions,24
buggy_30.sol,Unhandled-Exceptions,24
buggy_30.sol,Unhandled-Exceptions,26
buggy_31.sol,Unhandled-Exceptions,12
buggy_31.sol,Unhandled-Exceptions,14
buggy_31.sol,Unhandled-Exceptions,20
buggy_31.sol,Unhandled-Exceptions,36
buggy_31.sol,Unhandled-Exceptions,38
buggy_31.sol,Unhandled-Exceptions,52
buggy_17.sol,Unchecked-Send,15
buggy_17.sol,Unchecked-Send,23
buggy_17.sol,Unchecked-Send,14
buggy_16.sol,Unchecked-Send,29
buggy_16.sol,Unchecked-Send,6
buggy_16.sol,Unchecked-Send,14
buggy_5.sol,Unchecked-Send,1
buggy_5.sol,Unchecked-Send,2
buggy_4.sol,Unchecked-Send,25
buggy_29.sol,Unchecked-Send,2
buggy_29.sol,Unchecked-Send,3
buggy_28.sol,Unchecked-Send,28
buggy_28.sol,Unchecked-Send,30
buggy_23.sol,Unchecked-Send,42
buggy_23.sol,Unchecked-Send,43
buggy_23.sol,Unchecked-Send,44
buggy_23.sol,Unchecked-Send,45
buggy_23.sol,Unchecked-Send,46
buggy_23.sol,Unchecked-Send,47
buggy_23.sol,Unchecked-Send,48
buggy_22.sol,Unchecked-Send,1
buggy_48.sol,Unchecked-Send,23
buggy_48.sol,Unchecked-Send,45
buggy_43.sol,Unchecked-Send,16
buggy_42.sol,Unchecked-Send,42
buggy_42.sol,Unchecked-Send,43
buggy_42.sol,Unchecked-Send,44
buggy_42.sol,Unchecked-Send,45
buggy_42.sol,Unchecked-Send,46
buggy_34.sol,Unchecked-Send,42
buggy_34.sol,Unchecked-Send,6
buggy_34.sol,Unchecked-Send,25
buggy_34.sol,Unchecked-Send,47
buggy_35.sol,Unchecked-Send,42
buggy_35.sol,Unchecked-Send,6
buggy_35.sol,Unchecked-Send,28
buggy_35.sol,Unchecked-Send,2
buggy_39.sol,Unchecked-Send,56
buggy_39.sol,Unchecked-Send,63
buggy_39.sol,Unchecked-Send,70
buggy_39.sol,Unchecked-Send,80
buggy_38.sol,Unchecked-Send,63
buggy_44.sol,Unchecked-Send,5
buggy_44.sol,Unchecked-Send,7
buggy_44.sol,Unchecked-Send,14
buggy_45.sol,Unchecked-Send,4
buggy_45.sol,Unchecked-Send,34
buggy_33.sol,Unchecked-Send,2
buggy_33.sol,Unchecked-Send,5
buggy_10.sol,Unchecked-Send,2
buggy_10.sol,Unchecked-Send,30
buggy_11.sol,Unchecked-Send,1
buggy_11.sol,Unchecked-Send,2
buggy_2.sol,Unchecked-Send,1
buggy_2.sol,Unchecked-Send,2
buggy_3.sol,Unchecked-Send,1
buggy_3.sol,Unchecked-Send,2
buggy_8.sol,Unchecked-Send,1
buggy_8.sol,Unchecked-Send,2
buggy_9.sol,Unchecked-Send,42
buggy_9.sol,Unchecked-Send,43
buggy_9.sol,Unchecked-Send,44
buggy_9.sol,Unchecked-Send,45
buggy_9.sol,Unchecked-Send,46
buggy_9.sol,Unchecked-Send,47
buggy_40.sol,Unchecked-Send,42
buggy_40.sol,Unchecked-Send,43
buggy_40.sol,Unchecked-Send,44
buggy_40.sol,Unchecked-Send,45
buggy_40.sol,Unchecked-Send,46
buggy_41.sol,Unchecked-Send,58
buggy_41.sol,Unchecked-Send,76
buggy_41.sol,Unchecked-Send,102
buggy_41.sol,Unchecked-Send,120
buggy_41.sol,Unchecked-Send,138
buggy_41.sol,Unchecked-Send,156
buggy_37.sol,Unchecked-Send,1
buggy_36.sol,Unchecked-Send,53
buggy_36.sol,Unchecked-Send,86
buggy_20.sol,Unchecked-Send,1
buggy_20.sol,Unchecked-Send,2
buggy_21.sol,Unchecked-Send,42
buggy_14.sol,Unchecked-Send,42
buggy_14.sol,Unchecked-Send,58
buggy_14.sol,Unchecked-Send,102
buggy_14.sol,Unchecked-Send,47
buggy_14.sol,Unchecked-Send,109
buggy_14.sol,Unchecked-Send,24
buggy_6.sol,Unchecked-Send,50
buggy_6.sol,Unchecked-Send,62
buggy_6.sol,Unchecked-Send,70
buggy_6.sol,Unchecked-Send,82
buggy_6.sol,Unchecked-Send,90
buggy_6.sol,Unchecked-Send,126
buggy_7.sol,Unchecked-Send,1
buggy_7.sol,Unchecked-Send,2
buggy_19.sol,Unchecked-Send,28
buggy_19.sol,Unchecked-Send,30
buggy_18.sol,Unchecked-Send,42
buggy_18.sol,Unchecked-Send,50
buggy_18.sol,Unchecked-Send,83
buggy_27.sol,Unchecked-Send,2
buggy_27.sol,Unchecked-Send,6
buggy_26.sol,Unchecked-Send,1
buggy_26.sol,Unchecked-Send,2
buggy_12.sol,Unchecked-Send,42
buggy_12.sol,Unchecked-Send,56
buggy_12.sol,Unchecked-Send,70
buggy_12.sol,Unchecked-Send,84
buggy_12.sol,Unchecked-Send,154
buggy_12.sol,Unchecked-Send,168
buggy_1.sol,Unchecked-Send,42
buggy_47.sol,Unchecked-Send,2
buggy_47.sol,Unchecked-Send,3
buggy_30.sol,Unchecked-Send,42
buggy_31.sol,Unchecked-Send,15
buggy_31.sol,Unchecked-Send,20
buggy_31.sol,Unchecked-Send,25
